{"cameraMode":{"drawMode":0,"name":"Shaded","section":"Shading Mode"},"sceneLighting":true,"audioPlay":false,"sceneViewState":{"m_AlwaysRefresh":false,"showFog":true,"showSkybox":true,"showFlares":true,"showImageEffects":true,"showParticleSystems":true,"showVisualEffectGraphs":true,"m_FxEnabled":true},"in2DMode":false,"pivot":{"x":-11.012678146362305,"y":0.6882462501525879,"z":-5.805645942687988},"rotation":{"x":0.225393146276474,"y":0.24249321222305299,"z":-0.05803356692194939,"w":0.9418233633041382},"size":3.0290298461914064,"orthographic":true}