{"cameraMode":{"drawMode":0,"name":"Shaded","section":"Shading Mode"},"sceneLighting":true,"audioPlay":false,"sceneViewState":{"m_AlwaysRefresh":false,"showFog":true,"showSkybox":true,"showFlares":true,"showImageEffects":true,"showParticleSystems":true,"showVisualEffectGraphs":true,"m_FxEnabled":true},"in2DMode":false,"pivot":{"x":31.100000381469728,"y":6.900000095367432,"z":-19.700000762939454},"rotation":{"x":0.21389822661876679,"y":0.3884986937046051,"z":-0.09322129189968109,"w":0.8914183378219605},"size":9.083369255065918,"orthographic":true}